OpenMP,MPI,n,iterations,t (s),V
64,1,200,100,2.105246,11.104078
64,1,400,100,1.828502,12.505135
64,1,800,100,3.250516,13.899665
64,1,1600,100,5.218351,15.290733
64,1,3200,100,6.207842,16.679537
64,1,6400,100,14.267940,18.067225
64,1,12800,100,25.593542,19.454270
64,1,25600,100,66.819704,20.840964
