OpenMP,MPI,n,iterations,t (s),V
1,1,10000,100,156.545962,18.960327
1,2,10000,100,82.050687,18.960327
1,4,10000,100,57.304481,18.960327
1,8,10000,100,44.399469,18.960327
1,16,10000,100,45.392423,18.960327
