OpenMP,MPI,n,iterations,t (s),V
1,1,10000,100,156.565615,18.960327
1,4,20000,100,227.831593,20.347127
1,9,30000,100,370.941405,21.158237
1,16,40000,100,526.540770,21.733692
