OpenMP,MPI,n,iterations,t (s),V
1,1,200,100,0.071442,11.104078
1,1,400,100,0.262171,12.505135
1,1,800,100,1.019247,13.899665
1,1,1600,100,4.034487,15.290733
1,1,3200,100,16.070086,16.679537
1,1,6400,100,64.170232,18.067225
1,1,12800,100,256.441985,19.454270
1,1,25600,100,1025.605203,20.840964
