OpenMP,MPI,n,iterations,t (s),V
32,2,20000,100,49.549424,20.347127
16,4,20000,100,58.716789,20.347127
8,8,20000,100,59.675758,20.347127
4,16,20000,100,61.801203,20.347127
2,32,20000,100,56.649969,20.347127
1,64,20000,100,36.840696,20.347127
64,2,20000,100,55.283713,20.347127
32,4,20000,100,51.028047,20.347127
16,8,20000,100,48.699312,20.347127
8,16,20000,100,45.898060,20.347127
4,32,20000,100,46.724675,20.347127
2,64,20000,100,46.516776,20.347127
1,128,20000,100,47.068143,20.347127
