OpenMP,MPI,n,iterations,t (s),V
1,1,10000,100,156.600146,18.960327
4,1,20000,100,161.946508,20.347127
9,1,30000,100,190.235620,21.158237
16,1,40000,100,216.668342,21.733692
25,1,50000,100,425.727782,22.180034
