OpenMP,MPI,n,iterations,t (s),V
32,1,200,100,0.190065,11.104078
32,1,400,100,0.308892,12.505135
32,1,800,100,0.477192,13.899665
32,1,1600,100,1.258523,15.290733
32,1,3200,100,3.042182,16.679537
32,1,6400,100,8.460657,18.067225
32,1,12800,100,27.814035,19.454270
32,1,25600,100,94.589540,20.840964
