OpenMP,MPI,n,iterations,t (s),V
1,1,20000,100,625.967862,20.347127
2,1,20000,100,314.602958,20.347127
4,1,20000,100,161.282121,20.347127
8,1,20000,100,171.493696,20.347127
16,1,20000,100,58.479829,20.347127
32,1,20000,100,57.448875,20.347127
